id	clr	W
Eukaryota;TSAR	2.294054230302825	0
Eukaryota;Archaeplastida	0.2801022085805295	0
Eukaryota;Obazoa	0.6615355208350994	0
Eukaryota;	0.6280273294286515	0
Eukaryota;Cryptista	1.6102214735204763	0
;	1.0007737451717225	0
Eukaryota;Haptista	0.5007917456875466	0
Eukaryota;CRuMs	0.140232877381199	0
Eukaryota:plas;Archaeplastida:plas	0.5293490605958825	0
Eukaryota;Amoebozoa	2.259893077295433	0
Eukaryota:nucl;Cryptista:nucl	0.49994478013345	0
Eukaryota;Excavata	5.142732475915715	0
